10001,Garcia,01_Garcia,Garcia10001
10002,Lim,02_Lim,Lim10002
10003,Aquino,03_Aquino,Aquino10003
10004,Reyes,04_Reyes,Reyes10004
10005,Hernandez,05_Hernandez,Hernandez10005
10006,Villanueva,06_Villanueva,Villanueva10006
10007,SanJose,07_SanJose,SanJose10007
10008,Romualdez,08_Romualdez,Romualdez10008
10009,Atienza,09_Atienza,Atienza10009
10010,Alvaro,10_Alvaro,Alvaro10010
10011,Salcedo,11_Salcedo,Salcedo10011
10012,Lopez,12_Lopez,Lopez10012
10013,Farala,13_Farala,Farala10013
10014,Martinez,14_Martinez,Martinez10014
10015,Romualdez,15_Romualdez,Romualdez10015
10016,Mata,16_Mata,Mata10016
10017,DeLeon,17_DeLeon,DeLeon10017
10018,SanJose,18_SanJose,SanJose10018
10019,Rosario,19_Rosario,Rosario10019
10020,Bautista,20_Bautista,Bautista10020
10021,Lazaro,21_Lazaro,Lazaro10021
10022,Delos Santos,22_Delos Santos,Delos Santos10022
10023,Santos,23_Santos,Santos10023
10024,DelRosario,24_DelRosario,DelRosario10024
10025,Tolentino,25_Tolentino,Tolentino10025
10026,Gutierrez,26_Gutierrez,Gutierrez10026
10027,Manalaysay,27_Manalaysay,Manalaysay10027
10028,Villegas,28_Villegas,Villegas10028
10029,Ramos,29_Ramos,Ramos10029
10030,Maceda,30_Maceda,Maceda10030
10031,Aguilar,31_Aguilar,Aguilar10031
10032,Castro,32_Castro,Castro10032
10033,Martinez,33_Martinez,Martinez10033
10034,Santos,34_Santos,Santos10034
29290,Admin,Admin,Admin213